{
  "project_info": {
    "project_number": "501510530456",
    "firebase_url": "https://carbon-a06cb.firebaseio.com",
    "project_id": "carbon-a06cb",
    "storage_bucket": "carbon-a06cb.appspot.com"
  },
  "client": [
    {
      "client_info": {
        "mobilesdk_app_id": "1:501510530456:android:fcfd35a1008a93902d37ed",
        "android_client_info": {
          "package_name": "com.example.admincarbon"
        }
      },
      "oauth_client": [
        {
          "client_id": "501510530456-7892rr9g24p6dr8lvt3hkgc09lmhnf0g.apps.googleusercontent.com",
          "client_type": 1,
          "android_info": {
            "package_name": "com.example.admincarbon",
            "certificate_hash": "0034ef385e3548ecae39b6407dccc81608741c09"
          }
        },
        {
          "client_id": "501510530456-tjdk11g4lk0f5ml4jq14cd7la1482vo0.apps.googleusercontent.com",
          "client_type": 1,
          "android_info": {
            "package_name": "com.example.admincarbon",
            "certificate_hash": "3a91ddbadeac3bda2f33d97e183e069551c85a65"
          }
        },
        {
          "client_id": "501510530456-dnqqu768hp95isu5mhcf48ktdptbo8sv.apps.googleusercontent.com",
          "client_type": 1,
          "android_info": {
            "package_name": "com.example.admincarbon",
            "certificate_hash": "7fca096f086bd6fc4a9a8186b170befdc5c8de98"
          }
        },
        {
          "client_id": "501510530456-ush694dgu5323km1bp27pa5g4d4af1vr.apps.googleusercontent.com",
          "client_type": 1,
          "android_info": {
            "package_name": "com.example.admincarbon",
            "certificate_hash": "eeacff9f5825bd4c8ebd5548afee067e7587b2e9"
          }
        },
        {
          "client_id": "501510530456-pr83u5pdo0vbfm0cqqvvb1v12ghf02oa.apps.googleusercontent.com",
          "client_type": 3
        }
      ],
      "api_key": [
        {
          "current_key": "AIzaSyDg7SBTjgqx06PM9_gXEOyNo4dy2Y31Zrs"
        }
      ],
      "services": {
        "appinvite_service": {
          "other_platform_oauth_client": [
            {
              "client_id": "501510530456-pr83u5pdo0vbfm0cqqvvb1v12ghf02oa.apps.googleusercontent.com",
              "client_type": 3
            }
          ]
        }
      }
    },
    {
      "client_info": {
        "mobilesdk_app_id": "1:501510530456:android:26d96e79337022c52d37ed",
        "android_client_info": {
          "package_name": "com.example.carbon"
        }
      },
      "oauth_client": [
        {
          "client_id": "501510530456-ubmtcav7mdodmpuhmc0isdri8t04nu45.apps.googleusercontent.com",
          "client_type": 1,
          "android_info": {
            "package_name": "com.example.carbon",
            "certificate_hash": "3a91ddbadeac3bda2f33d97e183e069551c85a65"
          }
        },
        {
          "client_id": "501510530456-l5l209hgb7cej5u1cuf1fj0kfped7737.apps.googleusercontent.com",
          "client_type": 1,
          "android_info": {
            "package_name": "com.example.carbon",
            "certificate_hash": "fa244e22ed698a0d89e2cef5326e542d84c385de"
          }
        },
        {
          "client_id": "501510530456-hftit90odg7cs92bj0ap9ip2agqtqlt6.apps.googleusercontent.com",
          "client_type": 1,
          "android_info": {
            "package_name": "com.example.carbon",
            "certificate_hash": "80f36b6e2e44b4e7707f3d41086f754773fcaa1d"
          }
        },
        {
          "client_id": "501510530456-358crds649j13k16qsjs3k097egkc4sb.apps.googleusercontent.com",
          "client_type": 1,
          "android_info": {
            "package_name": "com.example.carbon",
            "certificate_hash": "eeacff9f5825bd4c8ebd5548afee067e7587b2e9"
          }
        },
        {
          "client_id": "501510530456-pr83u5pdo0vbfm0cqqvvb1v12ghf02oa.apps.googleusercontent.com",
          "client_type": 3
        }
      ],
      "api_key": [
        {
          "current_key": "AIzaSyDg7SBTjgqx06PM9_gXEOyNo4dy2Y31Zrs"
        }
      ],
      "services": {
        "appinvite_service": {
          "other_platform_oauth_client": [
            {
              "client_id": "501510530456-pr83u5pdo0vbfm0cqqvvb1v12ghf02oa.apps.googleusercontent.com",
              "client_type": 3
            }
          ]
        }
      }
    },
    {
      "client_info": {
        "mobilesdk_app_id": "1:501510530456:android:a95f97400775a93e2d37ed",
        "android_client_info": {
          "package_name": "com.example.staffcarbon"
        }
      },
      "oauth_client": [
        {
          "client_id": "501510530456-pr83u5pdo0vbfm0cqqvvb1v12ghf02oa.apps.googleusercontent.com",
          "client_type": 3
        }
      ],
      "api_key": [
        {
          "current_key": "AIzaSyDg7SBTjgqx06PM9_gXEOyNo4dy2Y31Zrs"
        }
      ],
      "services": {
        "appinvite_service": {
          "other_platform_oauth_client": [
            {
              "client_id": "501510530456-pr83u5pdo0vbfm0cqqvvb1v12ghf02oa.apps.googleusercontent.com",
              "client_type": 3
            }
          ]
        }
      }
    }
  ],
  "configuration_version": "1"
}